filename,label
test\20090404_000000_012s0ms_Test0.aif,0.07212994888757773
test\20090404_000000_042s6ms_Test1.aif,0.0654198811767918
test\20090404_000000_064s8ms_Test2.aif,0.06746205867820826
test\20090404_000000_082s3ms_Test3.aif,0.09108118059733676
test\20090404_000000_095s0ms_Test4.aif,0.07062241864869433
test\20090404_000000_104s2ms_Test5.aif,0.07545982010030185
test\20090404_000000_106s5ms_Test6.aif,0.05493489936642885
test\20090404_000000_135s5ms_Test7.aif,0.06876074533459008
test\20090404_000000_155s7ms_Test8.aif,0.128889868809159
test\20090404_000000_178s4ms_Test9.aif,0.1281794167014217
test\20090404_000000_180s1ms_Test10.aif,0.08120386987396244
test\20090404_000000_262s9ms_Test11.aif,0.07220558769700382
test\20090404_000000_275s0ms_Test12.aif,0.1251693407394114
test\20090404_000000_277s3ms_Test13.aif,0.04421228110460145
test\20090404_000000_281s8ms_Test14.aif,0.15728167686288758
test\20090404_000000_284s5ms_Test15.aif,0.12091325533446441
test\20090404_000000_331s4ms_Test16.aif,0.051274722424059456
test\20090404_000000_342s0ms_Test17.aif,0.10425149301343857
test\20090404_000000_373s8ms_Test18.aif,0.0923163711634921
test\20090404_000000_455s2ms_Test19.aif,0.08181788330201654
test\20090404_000000_457s4ms_Test20.aif,0.09986909241842575
test\20090404_000000_462s8ms_Test21.aif,0.036836238370195756
test\20090404_000000_463s9ms_Test22.aif,0.09475123738922304
test\20090404_000000_469s8ms_Test23.aif,0.10323014318201724
test\20090404_000000_524s0ms_Test24.aif,0.09946824944906113
test\20090404_000000_565s3ms_Test25.aif,0.09680028229456931
test\20090404_000000_635s4ms_Test26.aif,0.12485467323412441
test\20090404_000000_642s9ms_Test27.aif,0.08043748047609703
test\20090404_000000_660s9ms_Test28.aif,0.09691736120881288
test\20090404_000000_699s6ms_Test29.aif,0.12886451753671416
test\20090404_000000_732s6ms_Test30.aif,0.05936838076859078
test\20090404_000000_761s1ms_Test31.aif,0.0743056165628477
test\20090404_000000_803s4ms_Test32.aif,0.07015281321520583
test\20090404_000000_815s9ms_Test33.aif,0.058270686624438045
test\20090404_001500_1002s7ms_Test34.aif,0.10400936866381845
test\20090404_001500_1046s3ms_Test35.aif,0.10069426736424984
test\20090404_001500_1095s2ms_Test36.aif,0.05230378144067462
test\20090404_001500_1103s1ms_Test37.aif,0.06018580363031554
test\20090404_001500_1104s3ms_Test38.aif,0.0679368886192304
test\20090404_001500_1136s9ms_Test39.aif,0.19765553702520192
test\20090404_001500_1145s8ms_Test40.aif,0.054077914159038655
test\20090404_001500_1149s8ms_Test41.aif,0.05920865700983521
test\20090404_001500_1153s7ms_Test42.aif,0.08501394532858954
test\20090404_001500_1176s2ms_Test43.aif,0.0875018333698893
test\20090404_001500_1178s4ms_Test44.aif,0.07341853249891288
test\20090404_001500_1183s4ms_Test45.aif,0.1543881468495799
test\20090404_001500_1259s8ms_Test46.aif,0.10961717008105237
test\20090404_001500_1263s1ms_Test47.aif,0.10301637884702637
test\20090404_001500_1272s1ms_Test48.aif,0.07621832460313453
test\20090404_001500_1310s3ms_Test49.aif,0.20837347115096497
test\20090404_001500_1312s4ms_Test50.aif,0.1093901515875058
test\20090404_001500_1336s4ms_Test51.aif,0.09393596468341038
test\20090404_001500_1356s4ms_Test52.aif,0.06981630750407271
test\20090404_001500_1366s4ms_Test53.aif,0.054732952302763725
test\20090404_001500_1375s5ms_Test54.aif,0.09040782791793593
test\20090404_001500_1431s2ms_Test55.aif,0.04608715062169697
test\20090404_001500_1480s6ms_Test56.aif,0.08864033100941725
test\20090404_001500_1488s7ms_Test57.aif,0.07992163798925855
test\20090404_001500_1528s8ms_Test58.aif,0.04713879595359836
test\20090404_001500_1530s2ms_Test59.aif,0.13337843326958151
test\20090404_001500_1536s8ms_Test60.aif,0.08143740503315837
test\20090404_001500_1543s9ms_Test61.aif,0.15684440464116345
test\20090404_001500_1546s7ms_Test62.aif,0.09176825959987002
test\20090404_001500_1585s0ms_Test63.aif,0.09411229672608966
test\20090404_001500_1618s6ms_Test64.aif,0.07997031462129948
test\20090404_001500_1634s4ms_Test65.aif,0.09422662201493053
test\20090404_001500_1639s4ms_Test66.aif,0.048356100270418374
test\20090404_001500_1683s3ms_Test67.aif,0.08562389876507849
test\20090404_001500_1716s8ms_Test68.aif,0.1040739678417159
test\20090404_001500_1719s4ms_Test69.aif,0.12460765600859403
test\20090404_001500_1723s5ms_Test70.aif,0.1571906941117688
test\20090404_001500_1764s5ms_Test71.aif,0.0957500410237609
test\20090404_001500_1780s1ms_Test72.aif,0.05565225855056944
test\20090404_001500_941s9ms_Test73.aif,0.08176058538249985
test\20090404_001500_995s9ms_Test74.aif,0.06773962932921158
test\20090404_003000_1800s7ms_Test75.aif,0.1999751901289878
test\20090404_003000_1829s3ms_Test76.aif,0.05641412568456041
test\20090404_003000_1830s5ms_Test77.aif,0.07299594831891354
test\20090404_003000_1839s9ms_Test78.aif,0.09823115137435941
test\20090404_003000_1845s9ms_Test79.aif,0.11289916795967547
test\20090404_003000_1857s2ms_Test80.aif,0.08250448230375128
test\20090404_003000_1891s0ms_Test81.aif,0.09068942657071503
test\20090404_003000_1897s0ms_Test82.aif,0.204995715240052
test\20090404_003000_1899s6ms_Test83.aif,0.14134397008807778
test\20090404_003000_1904s3ms_Test84.aif,0.1544853725440902
test\20090404_003000_1913s1ms_Test85.aif,0.1453722859124622
test\20090404_003000_1923s3ms_Test86.aif,0.1847145185362656
test\20090404_003000_1960s0ms_Test87.aif,0.03223240620822871
test\20090404_003000_2000s3ms_Test88.aif,0.1493907045012974
test\20090404_003000_2003s8ms_Test89.aif,0.12380609955946119
test\20090404_003000_2007s0ms_Test90.aif,0.06722065852124447
test\20090404_003000_2012s6ms_Test91.aif,0.08959402407599265
test\20090404_003000_2027s5ms_Test92.aif,0.061045507509618284
test\20090404_003000_2046s5ms_Test93.aif,0.07782088237612847
test\20090404_003000_2069s3ms_Test94.aif,0.09594352344437934
test\20090404_003000_2077s2ms_Test95.aif,0.09894569742822194
test\20090404_003000_2079s7ms_Test96.aif,0.07285704077117584
test\20090404_003000_2083s9ms_Test97.aif,0.10178257869615999
test\20090404_003000_2086s3ms_Test98.aif,0.07493296876382598
test\20090404_003000_2086s3ms_Test99.aif,0.14541773509046324
test\20090404_003000_2098s8ms_Test100.aif,0.11608008155792841
test\20090404_003000_2114s6ms_Test101.aif,0.08546082517966208
test\20090404_003000_2122s8ms_Test102.aif,0.04044652653110214
test\20090404_003000_2123s5ms_Test103.aif,0.03449731487089371
test\20090404_003000_2131s1ms_Test104.aif,0.1504419988379259
test\20090404_003000_2153s8ms_Test105.aif,0.06366208072052833
test\20090404_003000_2166s1ms_Test106.aif,0.13780518713777012
test\20090404_003000_2198s7ms_Test107.aif,0.11087420078783111
test\20090404_003000_2221s1ms_Test108.aif,0.11398624422669042
test\20090404_003000_2223s2ms_Test109.aif,0.11567366113138715
test\20090404_003000_2240s2ms_Test110.aif,0.08376438654596526
test\20090404_003000_2242s4ms_Test111.aif,0.11160159681666504
test\20090404_003000_2244s1ms_Test112.aif,0.08190748451840947
test\20090404_003000_2257s5ms_Test113.aif,0.07397525582627885
test\20090404_003000_2264s7ms_Test114.aif,0.24738660926198408
test\20090404_003000_2276s8ms_Test115.aif,0.1313297270347291
test\20090404_003000_2289s0ms_Test116.aif,0.08434405092955094
test\20090404_003000_2311s4ms_Test117.aif,0.0595030428455234
test\20090404_003000_2322s9ms_Test118.aif,0.014188611973743048
test\20090404_003000_2365s2ms_Test119.aif,0.15480713169722518
test\20090404_003000_2371s0ms_Test120.aif,0.06244045635975607
test\20090404_003000_2403s0ms_Test121.aif,0.06347422808360209
test\20090404_003000_2418s6ms_Test122.aif,0.08074164264518342
test\20090404_003000_2437s9ms_Test123.aif,0.11554030578529743
test\20090404_003000_2440s0ms_Test124.aif,0.07259597876167471
test\20090404_003000_2445s0ms_Test125.aif,0.07657067125740863
test\20090404_003000_2447s0ms_Test126.aif,0.08867343353498053
test\20090404_003000_2450s6ms_Test127.aif,0.15359647473097043
test\20090404_003000_2470s2ms_Test128.aif,0.058387437137254104
test\20090404_003000_2476s0ms_Test129.aif,0.11944295153412239
test\20090404_003000_2482s4ms_Test130.aif,0.14127443000873527
test\20090404_003000_2499s8ms_Test131.aif,0.12009065487527469
test\20090404_003000_2520s5ms_Test132.aif,0.05912137569220419
test\20090404_003000_2532s3ms_Test133.aif,0.19854583975568205
test\20090404_003000_2556s3ms_Test134.aif,0.09804576157900464
test\20090404_003000_2558s2ms_Test135.aif,0.10104959504301507
test\20090404_003000_2585s5ms_Test136.aif,0.10201395622474135
test\20090404_003000_2587s8ms_Test137.aif,0.1292603692666563
test\20090404_003000_2600s1ms_Test138.aif,0.06047552107875187
test\20090404_003000_2618s0ms_Test139.aif,0.09170033204442969
test\20090404_003000_2621s0ms_Test140.aif,0.06370202515026051
test\20090404_003000_2625s3ms_Test141.aif,0.18019303235219844
test\20090404_003000_2650s7ms_Test142.aif,0.0619888540714237
test\20090404_003000_2663s6ms_Test143.aif,0.13340725307387705
test\20090404_003000_2686s2ms_Test144.aif,0.0574582214831685
test\20090404_003000_2693s7ms_Test145.aif,0.031481894641677687
test\20090404_004500_2708s5ms_Test146.aif,0.0959583393477872
test\20090404_004500_2711s1ms_Test147.aif,0.1176174441655115
test\20090404_004500_2731s4ms_Test148.aif,0.10276829557606482
test\20090404_004500_2736s7ms_Test149.aif,0.08231702738927646
test\20090404_004500_2740s5ms_Test150.aif,0.17847809245095161
test\20090404_004500_2752s1ms_Test151.aif,0.05120681747414386
test\20090404_004500_2756s3ms_Test152.aif,0.08971217240659725
test\20090404_004500_2769s4ms_Test153.aif,0.12887993595619038
test\20090404_004500_2791s2ms_Test154.aif,0.06485897623921288
test\20090404_004500_2794s1ms_Test155.aif,0.08410507356667836
test\20090404_004500_2798s3ms_Test156.aif,0.07908711764607163
test\20090404_004500_2817s3ms_Test157.aif,0.1085570636273886
test\20090404_004500_2819s3ms_Test158.aif,0.10983596570825072
test\20090404_004500_2820s8ms_Test159.aif,0.09124223054879788
test\20090404_004500_2833s8ms_Test160.aif,0.08387132284482753
test\20090404_004500_2862s8ms_Test161.aif,0.08451380360592403
test\20090404_004500_2863s6ms_Test162.aif,0.21569799305558823
test\20090404_004500_2898s1ms_Test163.aif,0.08209939007263685
test\20090404_004500_2901s6ms_Test164.aif,0.1851387546347664
test\20090404_004500_2903s6ms_Test165.aif,0.06403676718576497
test\20090404_004500_2917s0ms_Test166.aif,0.09089788145991214
test\20090404_004500_2922s8ms_Test167.aif,0.09153366360235206
test\20090404_004500_2932s1ms_Test168.aif,0.05913756730449716
test\20090404_004500_2937s8ms_Test169.aif,0.07227041887162833
test\20090404_004500_2978s4ms_Test170.aif,0.08915528410097229
test\20090404_004500_2985s7ms_Test171.aif,0.18699600627204663
test\20090404_004500_2991s1ms_Test172.aif,0.1431878743100761
test\20090404_004500_3006s4ms_Test173.aif,0.05942928062773118
test\20090404_004500_3022s7ms_Test174.aif,0.11122643069393583
test\20090404_004500_3028s0ms_Test175.aif,0.07777589482334907
test\20090404_004500_3030s2ms_Test176.aif,0.09302054954097101
test\20090404_004500_3037s7ms_Test177.aif,0.14208588719330292
test\20090404_004500_3061s7ms_Test178.aif,0.07144072566743248
test\20090404_004500_3075s4ms_Test179.aif,0.09504413767725889
test\20090404_004500_3086s3ms_Test180.aif,0.10099851770493533
test\20090404_004500_3092s8ms_Test181.aif,0.14171887348676343
test\20090404_004500_3101s4ms_Test182.aif,0.09353704146742564
test\20090404_004500_3105s7ms_Test183.aif,0.05837219930985921
test\20090404_004500_3108s1ms_Test184.aif,0.06854077572622343
test\20090404_004500_3117s5ms_Test185.aif,0.07323648110187861
test\20090404_004500_3139s6ms_Test186.aif,0.0534114404754907
test\20090404_004500_3155s7ms_Test187.aif,0.0762074309715397
test\20090404_004500_3158s9ms_Test188.aif,0.033419463309802874
test\20090404_004500_3159s7ms_Test189.aif,0.019963857703042254
test\20090404_004500_3168s9ms_Test190.aif,0.15387420453866232
test\20090404_004500_3192s6ms_Test191.aif,0.06326958895878447
test\20090404_004500_3199s5ms_Test192.aif,0.06541876963908011
test\20090404_004500_3208s8ms_Test193.aif,0.09921290953035483
test\20090404_004500_3236s7ms_Test194.aif,0.17496246432211973
test\20090404_004500_3238s5ms_Test195.aif,0.05537157422347178
test\20090404_004500_3247s9ms_Test196.aif,0.08412729729567082
test\20090404_004500_3249s4ms_Test197.aif,0.06053876150794942
test\20090404_004500_3261s1ms_Test198.aif,0.11011055987521746
test\20090404_004500_3271s7ms_Test199.aif,0.05624455802200872
test\20090404_004500_3280s7ms_Test200.aif,0.12500550638029465
test\20090404_004500_3280s8ms_Test201.aif,0.08583180472960535
test\20090404_004500_3293s7ms_Test202.aif,0.05199256719730024
test\20090404_004500_3296s4ms_Test203.aif,0.11352860145601641
test\20090404_004500_3307s9ms_Test204.aif,0.07753683766999488
test\20090404_004500_3315s0ms_Test205.aif,0.08108426902945794
test\20090404_004500_3324s7ms_Test206.aif,0.09031581324385225
test\20090404_004500_3338s8ms_Test207.aif,0.10147791286242243
test\20090404_004500_3341s3ms_Test208.aif,0.07401162783727991
test\20090404_004500_3341s9ms_Test209.aif,0.2550306949382815
test\20090404_004500_3346s2ms_Test210.aif,0.3192689348400942
test\20090404_004500_3360s5ms_Test211.aif,0.08127016334354455
test\20090404_004500_3370s3ms_Test212.aif,0.546646255173757
test\20090404_004500_3399s2ms_Test213.aif,0.10695495240876429
test\20090404_004500_3435s9ms_Test214.aif,0.06615858631525211
test\20090404_004500_3438s2ms_Test215.aif,0.09689080495881432
test\20090404_004500_3450s7ms_Test216.aif,0.17515308923166373
test\20090404_004500_3468s7ms_Test217.aif,0.14111490636901688
test\20090404_004500_3475s0ms_Test218.aif,0.12989743177894242
test\20090404_004500_3487s1ms_Test219.aif,0.08871864032929838
test\20090404_004500_3503s3ms_Test220.aif,0.14237348040932102
test\20090404_004500_3519s0ms_Test221.aif,0.10644113443844587
test\20090404_004500_3525s8ms_Test222.aif,0.09954314921388607
test\20090404_004500_3558s5ms_Test223.aif,0.10935150777559217
test\20090404_004500_3564s8ms_Test224.aif,0.09259719520787517
test\20090404_004500_3576s8ms_Test225.aif,0.24961471262396104
test\20090404_004500_3585s5ms_Test226.aif,0.13009674352800885
test\20090404_004500_3588s3ms_Test227.aif,0.06819346713695264
test\20090404_010000_3615s3ms_Test228.aif,0.10831084108254381
test\20090404_010000_3620s7ms_Test229.aif,0.18151695809331625
test\20090404_010000_3624s7ms_Test230.aif,0.07271236678996472
test\20090404_010000_3637s8ms_Test231.aif,0.08646562278957119
test\20090404_010000_3657s3ms_Test232.aif,0.07376499777695829
test\20090404_010000_3659s6ms_Test233.aif,0.1310690002069067
test\20090404_010000_3673s1ms_Test234.aif,0.0859533222155246
test\20090404_010000_3699s5ms_Test235.aif,0.15342067435385373
test\20090404_010000_3706s2ms_Test236.aif,0.23292933150387815
test\20090404_010000_3708s0ms_Test237.aif,0.07496439453200046
test\20090404_010000_3710s5ms_Test238.aif,0.17431121994320117
test\20090404_010000_3721s0ms_Test239.aif,0.08355991881720297
test\20090404_010000_3753s8ms_Test240.aif,0.3144810707208765
test\20090404_010000_3754s4ms_Test241.aif,0.06848628320980055
test\20090404_010000_3757s6ms_Test242.aif,0.09149742992415337
test\20090404_010000_3768s8ms_Test243.aif,0.3493836523320502
test\20090404_010000_3780s2ms_Test244.aif,0.057920640388991064
test\20090404_010000_3796s5ms_Test245.aif,0.19028162968485818
test\20090404_010000_3799s2ms_Test246.aif,0.07779037841083415
test\20090404_010000_3855s4ms_Test247.aif,0.1229073652484372
test\20090404_010000_3857s6ms_Test248.aif,0.072196410052565
test\20090404_010000_3868s0ms_Test249.aif,0.2898072277201211
test\20090404_010000_3873s4ms_Test250.aif,0.08703560735533193
test\20090404_010000_3879s5ms_Test251.aif,0.10089967343412716
test\20090404_010000_3881s8ms_Test252.aif,0.09510476642617711
test\20090404_010000_3890s4ms_Test253.aif,0.2484296610864624
test\20090404_010000_3908s5ms_Test254.aif,0.1321398286469201
test\20090404_010000_3922s6ms_Test255.aif,0.22251362282048803
test\20090404_010000_3922s9ms_Test256.aif,0.0452378342639295
test\20090404_010000_3927s7ms_Test257.aif,0.11916216544030651
test\20090404_010000_3933s1ms_Test258.aif,0.05664520060697419
test\20090404_010000_3941s9ms_Test259.aif,0.12720225212309372
test\20090404_010000_3948s2ms_Test260.aif,0.10974734503645889
test\20090404_010000_3961s0ms_Test261.aif,0.09022342360465659
test\20090404_010000_3979s5ms_Test262.aif,0.14459208565484688
test\20090404_010000_3981s8ms_Test263.aif,0.06973084511135039
test\20090404_010000_4030s4ms_Test264.aif,0.16219434712628505
test\20090404_010000_4039s2ms_Test265.aif,0.06260481625100218
test\20090404_010000_4047s9ms_Test266.aif,0.28639298030684557
test\20090404_010000_4060s0ms_Test267.aif,0.08633159688536286
test\20090404_010000_4065s9ms_Test268.aif,0.1360047832792663
test\20090404_010000_4067s2ms_Test269.aif,0.12009946455354918
test\20090404_010000_4116s8ms_Test270.aif,0.07001930049148301
test\20090404_010000_4138s9ms_Test271.aif,0.10166660713411729
test\20090404_010000_4151s6ms_Test272.aif,0.08671769211349607
test\20090404_010000_4165s7ms_Test273.aif,0.08298777143704017
test\20090404_010000_4171s0ms_Test274.aif,0.0752743722593786
test\20090404_010000_4200s2ms_Test275.aif,0.13798592098858242
test\20090404_010000_4210s3ms_Test276.aif,0.07518815291918313
test\20090404_010000_4231s6ms_Test277.aif,0.07048817530221688
test\20090404_010000_4240s0ms_Test278.aif,0.09488135892361604
test\20090404_010000_4241s6ms_Test279.aif,0.11349512899085945
test\20090404_010000_4247s3ms_Test280.aif,0.23467965029526397
test\20090404_010000_4249s8ms_Test281.aif,0.0626782047423275
test\20090404_010000_4255s9ms_Test282.aif,0.1615416822535062
test\20090404_010000_4276s2ms_Test283.aif,0.12200186038196348
test\20090404_010000_4303s6ms_Test284.aif,0.08612751242829024
test\20090404_010000_4324s6ms_Test285.aif,0.08914248833234467
test\20090404_010000_4328s2ms_Test286.aif,0.1289379753824305
test\20090404_010000_4328s8ms_Test287.aif,0.10206501813094976
test\20090404_010000_4340s0ms_Test288.aif,0.14551299426771375
test\20090404_010000_4349s3ms_Test289.aif,0.09662847370270215
test\20090404_010000_4356s2ms_Test290.aif,0.17807561767558852
test\20090404_010000_4358s1ms_Test291.aif,0.10500977886566605
test\20090404_010000_4362s4ms_Test292.aif,0.10950622087954769
test\20090404_010000_4365s2ms_Test293.aif,0.06674049450889644
test\20090404_010000_4372s8ms_Test294.aif,0.1755803766083213
test\20090404_010000_4389s1ms_Test295.aif,0.06914710753962508
test\20090404_010000_4420s6ms_Test296.aif,0.06673735963444076
test\20090404_010000_4422s4ms_Test297.aif,0.09892348664112816
test\20090404_010000_4427s6ms_Test298.aif,0.139101948577254
test\20090404_010000_4429s5ms_Test299.aif,0.17200830103433526
test\20090404_010000_4441s8ms_Test300.aif,0.03722103439907588
test\20090404_010000_4450s3ms_Test301.aif,0.09625188419062695
test\20090404_010000_4484s1ms_Test302.aif,0.06841744277369811
test\20090404_010000_4486s7ms_Test303.aif,0.058254489878623784
test\20090404_011500_4501s9ms_Test304.aif,0.07542609119031049
test\20090404_011500_4544s1ms_Test305.aif,0.16413579425006106
test\20090404_011500_4558s0ms_Test306.aif,0.11154350322922997
test\20090404_011500_4561s6ms_Test307.aif,0.07386289561061789
test\20090404_011500_4563s9ms_Test308.aif,0.07178539072385023
test\20090404_011500_4580s3ms_Test309.aif,0.07738879780426748
test\20090404_011500_4598s2ms_Test310.aif,0.15733792861427884
test\20090404_011500_4600s7ms_Test311.aif,0.1148455019053876
test\20090404_011500_4607s8ms_Test312.aif,0.34803963362002616
test\20090404_011500_4613s7ms_Test313.aif,0.0769605792962996
test\20090404_011500_4672s5ms_Test314.aif,0.07016659329055185
test\20090404_011500_4701s4ms_Test315.aif,0.056246157068944876
test\20090404_011500_4706s4ms_Test316.aif,0.08351047290030143
test\20090404_011500_4716s6ms_Test317.aif,0.08922064651469068
test\20090404_011500_4726s8ms_Test318.aif,0.11684321549583508
test\20090404_011500_4745s4ms_Test319.aif,0.09429586843795507
test\20090404_011500_4749s6ms_Test320.aif,0.06469684611366323
test\20090404_011500_4781s0ms_Test321.aif,0.04442867125256667
test\20090404_011500_4788s1ms_Test322.aif,0.2559718922806777
test\20090404_011500_4809s3ms_Test323.aif,0.09111919312297156
test\20090404_011500_4833s1ms_Test324.aif,0.06843415680053395
test\20090404_011500_4885s2ms_Test325.aif,0.07243917230393619
test\20090404_011500_4912s4ms_Test326.aif,0.11297054419552151
test\20090404_011500_4932s6ms_Test327.aif,0.3493559898577234
test\20090404_011500_4960s9ms_Test328.aif,0.08800224895688158
test\20090404_011500_4968s2ms_Test329.aif,0.16403340298981453
test\20090404_011500_5025s0ms_Test330.aif,0.049275870914162585
test\20090404_011500_5047s8ms_Test331.aif,0.06205072610672612
test\20090404_011500_5116s7ms_Test332.aif,0.0627946751668616
test\20090404_011500_5125s8ms_Test333.aif,0.07290074486453768
test\20090404_011500_5129s1ms_Test334.aif,0.07422936107717105
test\20090404_011500_5133s0ms_Test335.aif,0.0725015691045129
test\20090404_011500_5141s1ms_Test336.aif,0.08478526244300626
test\20090404_011500_5143s7ms_Test337.aif,0.08109348424300768
test\20090404_011500_5148s4ms_Test338.aif,0.09822027342807405
test\20090404_011500_5159s8ms_Test339.aif,0.14615927170011145
test\20090404_011500_5173s9ms_Test340.aif,0.06533764981927422
test\20090404_011500_5184s0ms_Test341.aif,0.0812389608536726
test\20090404_011500_5201s2ms_Test342.aif,0.09971814951561002
test\20090404_011500_5211s3ms_Test343.aif,0.054531081558933804
test\20090404_011500_5224s8ms_Test344.aif,0.06947164554392483
test\20090404_011500_5230s9ms_Test345.aif,0.09490075681570093
test\20090404_011500_5237s5ms_Test346.aif,0.09658630717196888
test\20090404_011500_5263s1ms_Test347.aif,0.16294317836126604
test\20090404_011500_5275s3ms_Test348.aif,0.1562520233971471
test\20090404_011500_5299s7ms_Test349.aif,0.1632207073693035
test\20090404_011500_5316s6ms_Test350.aif,0.1242022398858613
test\20090404_011500_5321s1ms_Test351.aif,0.17764303557107086
test\20090404_011500_5332s7ms_Test352.aif,0.253699440132964
test\20090404_011500_5340s7ms_Test353.aif,0.1900461815160295
test\20090404_011500_5358s6ms_Test354.aif,0.1113072841500739
test\20090404_011500_5372s4ms_Test355.aif,0.1891480162269004
test\20090404_011500_5380s4ms_Test356.aif,0.12304061816304364
test\20090404_011500_5392s3ms_Test357.aif,0.08926206871453574
test\20090404_013000_5414s8ms_Test358.aif,0.13001766901572478
test\20090404_013000_5453s9ms_Test359.aif,0.12335305169255321
test\20090404_013000_5459s1ms_Test360.aif,0.08717713318732911
test\20090404_013000_5462s9ms_Test361.aif,0.10464061305282497
test\20090404_013000_5489s7ms_Test362.aif,0.10399133433687198
test\20090404_013000_5495s6ms_Test363.aif,0.09644097854156859
test\20090404_013000_5501s8ms_Test364.aif,0.06901987223467262
test\20090404_013000_5552s5ms_Test365.aif,0.10653982590955074
test\20090404_013000_5587s6ms_Test366.aif,0.09733862080643534
test\20090404_013000_5617s9ms_Test367.aif,0.060972551888350296
test\20090404_013000_5678s7ms_Test368.aif,0.06656721103862971
test\20090404_013000_5681s8ms_Test369.aif,0.09172605494452792
test\20090404_013000_5689s2ms_Test370.aif,0.13320011433526907
test\20090404_013000_5691s1ms_Test371.aif,0.09941392044924968
test\20090404_013000_5691s3ms_Test372.aif,0.10417604868347778
test\20090404_013000_5719s6ms_Test373.aif,0.3459009587764427
test\20090404_013000_5735s8ms_Test374.aif,0.05448762372827028
test\20090404_013000_5749s3ms_Test375.aif,0.13231088610980096
test\20090404_013000_5815s9ms_Test376.aif,0.06953583299784319
test\20090404_013000_5862s0ms_Test377.aif,0.060241370006903015
test\20090404_013000_5864s2ms_Test378.aif,0.096310515039712
test\20090404_013000_5869s4ms_Test379.aif,0.04852460906441907
test\20090404_013000_5922s6ms_Test380.aif,0.1021955302301558
test\20090404_013000_5942s0ms_Test381.aif,0.07294564717733526
test\20090404_013000_5969s1ms_Test382.aif,0.06925067510060842
test\20090404_013000_6006s7ms_Test383.aif,0.06829847424061375
test\20090404_013000_6042s3ms_Test384.aif,0.10105439624988836
test\20090404_013000_6043s8ms_Test385.aif,0.06024073795314177
test\20090404_013000_6049s1ms_Test386.aif,0.08228379528650777
test\20090404_013000_6051s9ms_Test387.aif,0.12188930264483734
test\20090404_013000_6115s7ms_Test388.aif,0.14397165185841002
test\20090404_013000_6119s0ms_Test389.aif,0.052044831771924094
test\20090404_013000_6160s3ms_Test390.aif,0.061959157910993136
test\20090404_013000_6222s5ms_Test391.aif,0.07227358236941067
test\20090404_013000_6228s6ms_Test392.aif,0.07477205534604642
test\20090404_013000_6229s9ms_Test393.aif,0.08302614709064897
test\20090404_014500_6301s7ms_Test394.aif,0.06624114697836776
test\20090404_014500_6306s1ms_Test395.aif,0.2008989530256379
test\20090404_014500_6306s9ms_Test396.aif,0.07758509451074116
test\20090404_014500_6336s2ms_Test397.aif,0.08509895754448081
test\20090404_014500_6387s1ms_Test398.aif,0.22919126231370987
test\20090404_014500_6403s0ms_Test399.aif,0.07222479407990876
test\20090404_014500_6405s0ms_Test400.aif,0.08981547640550931
test\20090404_014500_6410s1ms_Test401.aif,0.12236269843223102
test\20090404_014500_6412s6ms_Test402.aif,0.09187092078469002
test\20090404_014500_6422s9ms_Test403.aif,0.22735067073962148
test\20090404_014500_6453s6ms_Test404.aif,0.05781369346149995
test\20090404_014500_6466s3ms_Test405.aif,0.07083091064850495
test\20090404_014500_6559s6ms_Test406.aif,0.13758220842445418
test\20090404_014500_6583s0ms_Test407.aif,0.0749910870912497
test\20090404_014500_6589s8ms_Test408.aif,0.04537287496922344
test\20090404_014500_6592s4ms_Test409.aif,0.07431604124452594
test\20090404_014500_6602s5ms_Test410.aif,0.12795910137467956
test\20090404_014500_6621s8ms_Test411.aif,0.13405463711904683
test\20090404_014500_6659s2ms_Test412.aif,0.08086354701853744
test\20090404_014500_6690s9ms_Test413.aif,0.1656205534677228
test\20090404_014500_6701s8ms_Test414.aif,0.1332107293945848
test\20090404_014500_6724s2ms_Test415.aif,0.09536878744437856
test\20090404_014500_6738s4ms_Test416.aif,0.0936055910941046
test\20090404_014500_6758s7ms_Test417.aif,0.1529235315739789
test\20090404_014500_6760s9ms_Test418.aif,0.08763885530774373
test\20090404_014500_6763s3ms_Test419.aif,0.121102286501429
test\20090404_014500_6800s4ms_Test420.aif,0.24575244023157547
test\20090404_014500_6801s0ms_Test421.aif,0.0730778763156962
test\20090404_014500_6805s3ms_Test422.aif,0.06543292631258316
test\20090404_014500_6818s3ms_Test423.aif,0.1049619845935426
test\20090404_014500_6822s6ms_Test424.aif,0.16488709072156066
test\20090404_014500_6825s4ms_Test425.aif,0.06885509803425947
test\20090404_014500_6845s4ms_Test426.aif,0.044169242628945025
test\20090404_014500_6866s8ms_Test427.aif,0.11025997891246477
test\20090404_014500_6876s4ms_Test428.aif,0.09724871054813973
test\20090404_014500_6879s2ms_Test429.aif,0.14773152041868115
test\20090404_014500_6930s1ms_Test430.aif,0.06625695590006637
test\20090404_014500_6943s6ms_Test431.aif,0.05133594315751924
test\20090404_014500_6950s7ms_Test432.aif,0.06562837301828738
test\20090404_014500_6965s3ms_Test433.aif,0.1344072306183456
test\20090404_014500_6970s8ms_Test434.aif,0.08943566648096228
test\20090404_014500_6992s8ms_Test435.aif,0.05924277903024514
test\20090404_014500_7045s4ms_Test436.aif,0.13032161986584598
test\20090404_014500_7054s0ms_Test437.aif,0.04361879911550964
test\20090404_014500_7056s9ms_Test438.aif,0.0980485165581711
test\20090404_014500_7062s0ms_Test439.aif,0.13529031393227914
test\20090404_014500_7069s3ms_Test440.aif,0.05293548815324368
test\20090404_014500_7085s6ms_Test441.aif,0.0802112836512141
test\20090404_014500_7090s9ms_Test442.aif,0.08098802595641702
test\20090404_014500_7123s9ms_Test443.aif,0.18836557235112475
test\20090404_014500_7126s7ms_Test444.aif,0.06790103836818229
test\20090404_014500_7158s4ms_Test445.aif,0.06741129850340578
test\20090404_014500_7163s1ms_Test446.aif,0.09076797735876148
test\20090404_014500_7182s8ms_Test447.aif,0.253949299207989
test\20090404_020000_7216s0ms_Test448.aif,0.18406137665434266
test\20090404_020000_7243s5ms_Test449.aif,0.09932917005011473
test\20090404_020000_7264s4ms_Test450.aif,0.08243563852363804
test\20090404_020000_7292s1ms_Test451.aif,0.10617817516619961
test\20090404_020000_7294s0ms_Test452.aif,0.11645928328839644
test\20090404_020000_7303s9ms_Test453.aif,0.0464998182828811
test\20090404_020000_7311s1ms_Test454.aif,0.052244679724364675
test\20090404_020000_7358s1ms_Test455.aif,0.14646809412780154
test\20090404_020000_7358s4ms_Test456.aif,0.08371437143441113
test\20090404_020000_7401s2ms_Test457.aif,0.07455301196595221
test\20090404_020000_7411s9ms_Test458.aif,0.04524390407232987
test\20090404_020000_7418s1ms_Test459.aif,0.09294550381432361
test\20090404_020000_7471s5ms_Test460.aif,0.0640389808255721
test\20090404_020000_7477s1ms_Test461.aif,0.11074126665209393
test\20090404_020000_7484s4ms_Test462.aif,0.12307416980385281
test\20090404_020000_7491s5ms_Test463.aif,0.06800293440479446
test\20090404_020000_7494s7ms_Test464.aif,0.10981526437354422
test\20090404_020000_7510s3ms_Test465.aif,0.06758425669077353
test\20090404_020000_7561s2ms_Test466.aif,0.10152722925896858
test\20090404_020000_7594s2ms_Test467.aif,0.09365252043149959
test\20090404_020000_7612s8ms_Test468.aif,0.07322350604896045
test\20090404_020000_7664s4ms_Test469.aif,0.2158986575900024
test\20090404_020000_7666s4ms_Test470.aif,0.1764132773254193
test\20090404_020000_7688s5ms_Test471.aif,0.11107853288532954
test\20090404_020000_7691s3ms_Test472.aif,0.06717792082658527
test\20090404_020000_7729s6ms_Test473.aif,0.08972978548326223
test\20090404_020000_7731s1ms_Test474.aif,0.07612298913623138
test\20090404_020000_7732s9ms_Test475.aif,0.04708218397050549
test\20090404_020000_7745s4ms_Test476.aif,0.07619706539024398
test\20090404_020000_7761s5ms_Test477.aif,0.05256556490982616
test\20090404_020000_7810s2ms_Test478.aif,0.04624083104920775
test\20090404_020000_7829s7ms_Test479.aif,0.10135484632439477
test\20090404_020000_7840s9ms_Test480.aif,0.05687489262359733
test\20090404_020000_7844s8ms_Test481.aif,0.05330992255557052
test\20090404_020000_7845s9ms_Test482.aif,0.14763012434196415
test\20090404_020000_7846s4ms_Test483.aif,0.0754076503767769
test\20090404_020000_7851s9ms_Test484.aif,0.1479709789300728
test\20090404_020000_7871s0ms_Test485.aif,0.1020739728325299
test\20090404_020000_7911s5ms_Test486.aif,0.07103182074528545
test\20090404_020000_7916s6ms_Test487.aif,0.07095634859729184
test\20090404_020000_7977s4ms_Test488.aif,0.1460268990033643
test\20090404_020000_8024s8ms_Test489.aif,0.11531880566023452
test\20090404_020000_8032s2ms_Test490.aif,0.07851764536616768
test\20090404_020000_8063s1ms_Test491.aif,0.1936385882817588
test\20090404_020000_8083s5ms_Test492.aif,0.07484595938206172
test\20090404_020000_8089s9ms_Test493.aif,0.0814944296333183
test\20090404_021500_8107s0ms_Test494.aif,0.059609108969443915
test\20090404_021500_8109s1ms_Test495.aif,0.07110101231492107
test\20090404_021500_8128s1ms_Test496.aif,0.06591903443535818
test\20090404_021500_8205s3ms_Test497.aif,0.13651813529951784
test\20090404_021500_8212s4ms_Test498.aif,0.3329877315106067
test\20090404_021500_8285s6ms_Test499.aif,0.2623741463395665
test\20090404_021500_8300s6ms_Test500.aif,0.14087026901643998
test\20090404_021500_8374s7ms_Test501.aif,0.05097451529946395
test\20090404_021500_8385s5ms_Test502.aif,0.1833484407925162
test\20090404_021500_8395s0ms_Test503.aif,0.1209906950722028
test\20090404_021500_8448s8ms_Test504.aif,0.07966131656870315
test\20090404_021500_8565s7ms_Test505.aif,0.12391735547605759
test\20090404_021500_8567s1ms_Test506.aif,0.04577930929460725
test\20090404_021500_8572s1ms_Test507.aif,0.09883768358049422
test\20090404_021500_8623s2ms_Test508.aif,0.055591895366640685
test\20090404_021500_8643s9ms_Test509.aif,0.1186178008516066
test\20090404_021500_8646s1ms_Test510.aif,0.08553975978842476
test\20090404_021500_8671s3ms_Test511.aif,0.12241471081941745
test\20090404_021500_8718s3ms_Test512.aif,0.07738445932437293
test\20090404_021500_8727s0ms_Test513.aif,0.14643393117910053
test\20090404_021500_8733s6ms_Test514.aif,0.06753923206952168
test\20090404_021500_8741s8ms_Test515.aif,0.09381631560747676
test\20090404_021500_8745s8ms_Test516.aif,0.04928421690286689
test\20090404_021500_8747s8ms_Test517.aif,0.07028561504096492
test\20090404_021500_8752s6ms_Test518.aif,0.11084069173413878
test\20090404_021500_8797s7ms_Test519.aif,0.05318105467317028
test\20090404_021500_8798s6ms_Test520.aif,0.0761496768765216
test\20090404_021500_8800s9ms_Test521.aif,0.15618819125676725
test\20090404_021500_8818s5ms_Test522.aif,0.06811596862574307
test\20090404_021500_8911s7ms_Test523.aif,0.08097049865947549
test\20090404_021500_8925s9ms_Test524.aif,0.07905103875900468
test\20090404_021500_8933s2ms_Test525.aif,0.18981546106411115
test\20090404_021500_8974s0ms_Test526.aif,0.0729990153400362
test\20090404_021500_8980s5ms_Test527.aif,0.07270871985295793
test\20090404_021500_8986s4ms_Test528.aif,0.0974246844871521
test\20090404_023000_9021s4ms_Test529.aif,0.055995950072287824
test\20090404_023000_9050s8ms_Test530.aif,0.07069496783915105
test\20090404_023000_9100s9ms_Test531.aif,0.15114307985856765
test\20090404_023000_9106s2ms_Test532.aif,0.08579456370933498
test\20090404_023000_9108s9ms_Test533.aif,0.07283794913574311
test\20090404_023000_9161s9ms_Test534.aif,0.04826316425261338
test\20090404_023000_9219s9ms_Test535.aif,0.10363635319943953
test\20090404_023000_9222s4ms_Test536.aif,0.06856449763138589
test\20090404_023000_9231s0ms_Test537.aif,0.09375543126312386
test\20090404_023000_9252s1ms_Test538.aif,0.07384285687906776
test\20090404_023000_9274s3ms_Test539.aif,0.11674145958340226
test\20090404_023000_9286s6ms_Test540.aif,0.11062262709747268
test\20090404_023000_9288s8ms_Test541.aif,0.08431144880053003
test\20090404_023000_9314s7ms_Test542.aif,0.10679760949195892
test\20090404_023000_9317s9ms_Test543.aif,0.08278342111006495
test\20090404_023000_9397s5ms_Test544.aif,0.06453276703640544
test\20090404_023000_9464s0ms_Test545.aif,0.07868700021412174
test\20090404_023000_9466s9ms_Test546.aif,0.06700028336192596
test\20090404_023000_9468s9ms_Test547.aif,0.07975847183670605
test\20090404_023000_9472s8ms_Test548.aif,0.09078314648388892
test\20090404_023000_9474s0ms_Test549.aif,0.20083454732287645
test\20090404_023000_9476s6ms_Test550.aif,0.06962605035986354
test\20090404_023000_9497s9ms_Test551.aif,0.12931923249265004
test\20090404_023000_9519s9ms_Test552.aif,0.08322842965202505
test\20090404_023000_9550s9ms_Test553.aif,0.128952537110738
test\20090404_023000_9551s0ms_Test554.aif,0.12413854494090122
test\20090404_023000_9556s2ms_Test555.aif,0.16340141507827227
test\20090404_023000_9564s2ms_Test556.aif,0.08821983028456241
test\20090404_023000_9574s3ms_Test557.aif,0.13657615289250224
test\20090404_023000_9587s9ms_Test558.aif,0.1683999994845515
test\20090404_023000_9588s4ms_Test559.aif,0.10664736956896465
test\20090404_023000_9591s5ms_Test560.aif,0.08182753895664277
test\20090404_023000_9613s4ms_Test561.aif,0.1392389356510338
test\20090404_023000_9644s6ms_Test562.aif,0.11484672171937194
test\20090404_023000_9646s9ms_Test563.aif,0.0815610688080134
test\20090404_023000_9653s7ms_Test564.aif,0.16666098145961963
test\20090404_023000_9673s7ms_Test565.aif,0.104682654738376
test\20090404_023000_9681s6ms_Test566.aif,0.09003109102027984
test\20090404_023000_9714s5ms_Test567.aif,0.07480677706946667
test\20090404_023000_9778s1ms_Test568.aif,0.11306464349304303
test\20090404_023000_9814s1ms_Test569.aif,0.09246776067359634
test\20090404_023000_9827s2ms_Test570.aif,0.10609736158758748
test\20090404_023000_9829s3ms_Test571.aif,0.08894075142180209
test\20090404_023000_9842s4ms_Test572.aif,0.19543461268041915
test\20090404_023000_9851s2ms_Test573.aif,0.10007726181519853
test\20090404_023000_9855s2ms_Test574.aif,0.10901898667608652
test\20090404_023000_9884s1ms_Test575.aif,0.10037742084418501
test\20090404_023000_9897s5ms_Test576.aif,0.14799381154421795
test\20090404_024500_10002s1ms_Test577.aif,0.09872926228191116
test\20090404_024500_10007s3ms_Test578.aif,0.1586817329305237
test\20090404_024500_10014s1ms_Test579.aif,0.1987932988373828
test\20090404_024500_10064s8ms_Test580.aif,0.0649129301493966
test\20090404_024500_10120s6ms_Test581.aif,0.05755967785646162
test\20090404_024500_10129s0ms_Test582.aif,0.1250866781525455
test\20090404_024500_10131s2ms_Test583.aif,0.091024120484918
test\20090404_024500_10131s4ms_Test584.aif,0.06873363376858224
test\20090404_024500_10146s3ms_Test585.aif,0.15691811279722162
test\20090404_024500_10157s2ms_Test586.aif,0.49928627399771447
test\20090404_024500_10161s4ms_Test587.aif,0.07330461207581755
test\20090404_024500_10176s9ms_Test588.aif,0.368810168942394
test\20090404_024500_10180s1ms_Test589.aif,0.15080164732489884
test\20090404_024500_10187s5ms_Test590.aif,0.06839557039018684
test\20090404_024500_10193s7ms_Test591.aif,0.09429728455377856
test\20090404_024500_10212s9ms_Test592.aif,0.08811159848232354
test\20090404_024500_10225s1ms_Test593.aif,0.08385938362406574
test\20090404_024500_10246s6ms_Test594.aif,0.13863611276755575
test\20090404_024500_10286s7ms_Test595.aif,0.09315715750391178
test\20090404_024500_10301s8ms_Test596.aif,0.11623959108716879
test\20090404_024500_10317s8ms_Test597.aif,0.15037838718346053
test\20090404_024500_10329s8ms_Test598.aif,0.11213088740585597
test\20090404_024500_10330s5ms_Test599.aif,0.1557455024319374
test\20090404_024500_10368s0ms_Test600.aif,0.11118975557094908
test\20090404_024500_10427s6ms_Test601.aif,0.07251391453804401
test\20090404_024500_10433s3ms_Test602.aif,0.11294185956898074
test\20090404_024500_10479s2ms_Test603.aif,0.09015964612586197
test\20090404_024500_10493s6ms_Test604.aif,0.06806335709275727
test\20090404_024500_10525s0ms_Test605.aif,0.08205963818612641
test\20090404_024500_10548s1ms_Test606.aif,0.05693740808170795
test\20090404_024500_10555s3ms_Test607.aif,0.08098058520098807
test\20090404_024500_10576s9ms_Test608.aif,0.08173257801517991
test\20090404_024500_10588s3ms_Test609.aif,0.2409430535731398
test\20090404_024500_10618s4ms_Test610.aif,0.11924424772573185
test\20090404_024500_10639s0ms_Test611.aif,0.25142278589976297
test\20090404_024500_10639s8ms_Test612.aif,0.11301052455838638
test\20090404_024500_10669s1ms_Test613.aif,0.05347817304144172
test\20090404_024500_10669s7ms_Test614.aif,0.16450905805731647
test\20090404_024500_10676s1ms_Test615.aif,0.10130857916597473
test\20090404_024500_10681s1ms_Test616.aif,0.08377934935449989
test\20090404_024500_10689s2ms_Test617.aif,0.0816318626491387
test\20090404_024500_10704s7ms_Test618.aif,0.07126914985686918
test\20090404_024500_10710s3ms_Test619.aif,0.09297895996267158
test\20090404_024500_10728s2ms_Test620.aif,0.06083753977754305
test\20090404_024500_10730s6ms_Test621.aif,0.09949328644446327
test\20090404_024500_10737s5ms_Test622.aif,0.06728210124247987
test\20090404_024500_10740s6ms_Test623.aif,0.0866350223566751
test\20090404_024500_10754s3ms_Test624.aif,0.058664541138199244
test\20090404_024500_10792s8ms_Test625.aif,0.13945005542145314
test\20090404_024500_9936s9ms_Test626.aif,0.13404482799676862
test\20090404_024500_9962s0ms_Test627.aif,0.18128030440622397
test\20090404_024500_9974s2ms_Test628.aif,0.06356768073748022
test\20090404_024500_9978s0ms_Test629.aif,0.10882367619258004
test\20090404_030000_10800s3ms_Test630.aif,0.053340790917962864
test\20090404_030000_10807s5ms_Test631.aif,0.12044475704421997
test\20090404_030000_10812s0ms_Test632.aif,0.09314445876641092
test\20090404_030000_10827s7ms_Test633.aif,0.0884544314323343
test\20090404_030000_10860s4ms_Test634.aif,0.046797715214328406
test\20090404_030000_10872s0ms_Test635.aif,0.08883767899598667
test\20090404_030000_10908s7ms_Test636.aif,0.14256388026735883
test\20090404_030000_10910s6ms_Test637.aif,0.07027183463709734
test\20090404_030000_10914s4ms_Test638.aif,0.10254699522852317
test\20090404_030000_10923s5ms_Test639.aif,0.11234636756199708
test\20090404_030000_10926s1ms_Test640.aif,0.09687822966384875
test\20090404_030000_10943s5ms_Test641.aif,0.07771395441286837
test\20090404_030000_10957s4ms_Test642.aif,0.08386452176374364
test\20090404_030000_10963s8ms_Test643.aif,0.19192895528420953
test\20090404_030000_10968s3ms_Test644.aif,0.056800512688817896
test\20090404_030000_10972s6ms_Test645.aif,0.16453243148439106
test\20090404_030000_11004s5ms_Test646.aif,0.07428688837736518
test\20090404_030000_11019s9ms_Test647.aif,0.18975839218238685
test\20090404_030000_11023s1ms_Test648.aif,0.11490051540121111
test\20090404_030000_11026s3ms_Test649.aif,0.0716488625981978
test\20090404_030000_11034s9ms_Test650.aif,0.13636978726883078
test\20090404_030000_11037s4ms_Test651.aif,0.17338525517009806
test\20090404_030000_11043s6ms_Test652.aif,0.21732202883060223
test\20090404_030000_11047s1ms_Test653.aif,0.06924231523618346
test\20090404_030000_11074s9ms_Test654.aif,0.0629435483029828
test\20090404_030000_11085s7ms_Test655.aif,0.08253105591996923
test\20090404_030000_11088s0ms_Test656.aif,0.10176347965212014
test\20090404_030000_11089s5ms_Test657.aif,0.14095627157818386
test\20090404_030000_11137s4ms_Test658.aif,0.07593108132559775
test\20090404_030000_11216s2ms_Test659.aif,0.39378611504652034
test\20090404_030000_11235s3ms_Test660.aif,0.10405940383052781
test\20090404_030000_11264s9ms_Test661.aif,0.10928813358406912
test\20090404_030000_11268s9ms_Test662.aif,0.07766654033876537
test\20090404_030000_11275s5ms_Test663.aif,0.12369381733570846
test\20090404_030000_11278s4ms_Test664.aif,0.1018394381850692
test\20090404_030000_11289s6ms_Test665.aif,0.09550171539547593
test\20090404_030000_11326s3ms_Test666.aif,0.14773730903964055
test\20090404_030000_11346s9ms_Test667.aif,0.0845958533305728
test\20090404_030000_11347s6ms_Test668.aif,0.4021352721247136
test\20090404_030000_11365s6ms_Test669.aif,0.09171203838737112
test\20090404_030000_11414s3ms_Test670.aif,0.0951316371631727
test\20090404_030000_11442s7ms_Test671.aif,0.09858551906398726
test\20090404_030000_11449s4ms_Test672.aif,0.17735219112670256
test\20090404_030000_11451s4ms_Test673.aif,0.07317217701110582
test\20090404_030000_11455s9ms_Test674.aif,0.07772226857638403
test\20090404_030000_11458s7ms_Test675.aif,0.09986672860010944
test\20090404_030000_11465s3ms_Test676.aif,0.08503381213454235
test\20090404_030000_11486s9ms_Test677.aif,0.12844032556938761
test\20090404_030000_11494s1ms_Test678.aif,0.10964470505990503
test\20090404_030000_11505s7ms_Test679.aif,0.08286480075645215
test\20090404_030000_11528s9ms_Test680.aif,0.04989154687690386
test\20090404_030000_11530s3ms_Test681.aif,0.09054742772139922
test\20090404_030000_11559s7ms_Test682.aif,0.08707276672282778
test\20090404_030000_11566s2ms_Test683.aif,0.15037761210807302
test\20090404_030000_11602s2ms_Test684.aif,0.09374561696520793
test\20090404_030000_11610s7ms_Test685.aif,0.10807496174376145
test\20090404_030000_11625s9ms_Test686.aif,0.09239865331716753
test\20090404_030000_11629s5ms_Test687.aif,0.06583631628466334
test\20090404_030000_11638s0ms_Test688.aif,0.0641494030348763
test\20090404_030000_11641s1ms_Test689.aif,0.11019540499163039
test\20090404_030000_11649s0ms_Test690.aif,0.13191222411067133
test\20090404_030000_11662s3ms_Test691.aif,0.20065854309120412
test\20090404_030000_11667s9ms_Test692.aif,0.066010495376794
test\20090404_030000_11677s9ms_Test693.aif,0.1900838588826906
test\20090404_031500_11775s4ms_Test694.aif,0.27950605278582424
test\20090404_031500_11783s0ms_Test695.aif,0.10783696940029079
test\20090404_031500_11809s9ms_Test696.aif,0.05310041361793729
test\20090404_031500_11838s1ms_Test697.aif,0.07189035036707968
test\20090404_031500_11883s7ms_Test698.aif,0.07728021109867218
test\20090404_031500_11915s5ms_Test699.aif,0.07960426083360865
test\20090404_031500_11931s0ms_Test700.aif,0.04264511070852713
test\20090404_031500_11936s6ms_Test701.aif,0.13687494188654942
test\20090404_031500_11941s1ms_Test702.aif,0.2503821195549396
test\20090404_031500_11983s3ms_Test703.aif,0.0821194498699414
test\20090404_031500_11989s9ms_Test704.aif,0.11339274559041708
test\20090404_031500_12010s8ms_Test705.aif,0.10942857858609574
test\20090404_031500_12021s0ms_Test706.aif,0.13252307236171365
test\20090404_031500_12034s0ms_Test707.aif,0.12254322895454911
test\20090404_031500_12060s9ms_Test708.aif,0.05051538122521005
test\20090404_031500_12070s1ms_Test709.aif,0.11281399410882859
test\20090404_031500_12074s8ms_Test710.aif,0.16096682895450884
test\20090404_031500_12082s1ms_Test711.aif,0.05621091694682926
test\20090404_031500_12085s0ms_Test712.aif,0.09206021690204559
test\20090404_031500_12114s2ms_Test713.aif,0.10209101477645229
test\20090404_031500_12164s8ms_Test714.aif,0.07258306535397843
test\20090404_031500_12170s4ms_Test715.aif,0.07200146146888095
test\20090404_031500_12179s1ms_Test716.aif,0.12807331492391585
test\20090404_031500_12182s2ms_Test717.aif,0.050169609023996385
test\20090404_031500_12185s6ms_Test718.aif,0.11012683941234154
test\20090404_031500_12193s6ms_Test719.aif,0.07047394741289933
test\20090404_031500_12203s2ms_Test720.aif,0.06431886091465812
test\20090404_031500_12209s1ms_Test721.aif,0.08536801072518156
test\20090404_031500_12220s9ms_Test722.aif,0.06189524221304794
test\20090404_031500_12229s1ms_Test723.aif,0.15237597097958885
test\20090404_031500_12230s1ms_Test724.aif,0.07199302708902024
test\20090404_031500_12242s6ms_Test725.aif,0.05383903522896046
test\20090404_031500_12263s5ms_Test726.aif,0.057426706600236375
test\20090404_031500_12267s0ms_Test727.aif,0.06283922909815534
test\20090404_031500_12318s1ms_Test728.aif,0.0675267258280637
test\20090404_031500_12330s3ms_Test729.aif,0.05084456608063787
test\20090404_031500_12338s1ms_Test730.aif,0.11631217478858029
test\20090404_031500_12350s8ms_Test731.aif,0.061887088789185175
test\20090404_031500_12376s0ms_Test732.aif,0.12048663407938855
test\20090404_031500_12385s1ms_Test733.aif,0.14341383949002295
test\20090404_031500_12405s0ms_Test734.aif,0.10867487489728796
test\20090404_031500_12409s3ms_Test735.aif,0.06740733222129669
test\20090404_031500_12437s8ms_Test736.aif,0.11262031392152887
test\20090404_031500_12460s2ms_Test737.aif,0.0888912083770147
test\20090404_031500_12495s1ms_Test738.aif,0.12448790867952803
test\20090404_031500_12502s3ms_Test739.aif,0.21262845954890772
test\20090404_031500_12506s0ms_Test740.aif,0.06823690586261037
test\20090404_031500_12515s3ms_Test741.aif,0.11234875278413266
test\20090404_031500_12517s7ms_Test742.aif,0.08158334137058308
test\20090404_031500_12520s6ms_Test743.aif,0.04157350044111533
test\20090404_031500_12530s0ms_Test744.aif,0.061441324759754994
test\20090404_031500_12530s5ms_Test745.aif,0.05929220345070502
test\20090404_031500_12545s1ms_Test746.aif,0.04750328903966356
test\20090404_031500_12573s6ms_Test747.aif,0.0985994615503409
test\20090404_031500_12574s9ms_Test748.aif,0.10872494564702972
test\20090404_031500_12585s5ms_Test749.aif,0.08142797773907283
test\20090404_031500_12595s2ms_Test750.aif,0.07997901741974214
test\20090404_033000_12607s0ms_Test751.aif,0.17769211021452933
test\20090404_033000_12617s7ms_Test752.aif,0.030717244837152335
test\20090404_033000_12638s3ms_Test753.aif,0.0274373351754886
test\20090404_033000_12640s8ms_Test754.aif,0.047385333878720876
test\20090404_033000_12646s6ms_Test755.aif,0.11057673822789733
test\20090404_033000_12670s3ms_Test756.aif,0.05109255153841715
test\20090404_033000_12697s0ms_Test757.aif,0.044175110736578295
test\20090404_033000_12710s8ms_Test758.aif,0.07754177761530039
test\20090404_033000_12712s0ms_Test759.aif,0.07886404391461903
test\20090404_033000_12716s8ms_Test760.aif,0.06459323690216591
test\20090404_033000_12718s7ms_Test761.aif,0.02870828660634424
test\20090404_033000_12750s6ms_Test762.aif,0.026948870884355297
test\20090404_033000_12754s2ms_Test763.aif,0.10904219953407314
test\20090404_033000_12776s9ms_Test764.aif,0.08078632099757513
test\20090404_033000_12779s8ms_Test765.aif,0.0552697565655327
test\20090404_033000_12784s2ms_Test766.aif,0.11474093218637167
test\20090404_033000_12790s3ms_Test767.aif,0.034886998167250736
test\20090404_033000_12801s6ms_Test768.aif,0.11533588638985304
test\20090404_033000_12809s6ms_Test769.aif,0.09043698854298786
test\20090404_033000_12821s6ms_Test770.aif,0.0645346369533676
test\20090404_033000_12831s7ms_Test771.aif,0.02643008081089956
test\20090404_033000_12835s4ms_Test772.aif,0.06651936415088382
test\20090404_033000_12843s8ms_Test773.aif,0.05602024745387504
test\20090404_033000_12864s8ms_Test774.aif,0.03692511345247992
test\20090404_033000_12885s2ms_Test775.aif,0.08812293962170951
test\20090404_033000_12890s0ms_Test776.aif,0.13415955666338453
test\20090404_033000_12893s6ms_Test777.aif,0.06502131321435085
test\20090404_033000_12908s8ms_Test778.aif,0.1332318040288027
test\20090404_033000_12912s1ms_Test779.aif,0.04230880834430243
test\20090404_033000_12919s4ms_Test780.aif,0.08435340166137102
test\20090404_033000_12938s4ms_Test781.aif,0.03646263669825747
test\20090404_033000_12948s7ms_Test782.aif,0.0243672284213898
test\20090404_033000_12961s7ms_Test783.aif,0.060670234219087064
test\20090404_033000_12966s8ms_Test784.aif,0.06535207491300458
test\20090404_033000_12970s5ms_Test785.aif,0.1501402935231174
test\20090404_033000_12983s8ms_Test786.aif,0.025538789806221582
test\20090404_033000_13000s1ms_Test787.aif,0.15770828192372807
test\20090404_033000_13021s0ms_Test788.aif,0.08728139917901269
test\20090404_033000_13022s5ms_Test789.aif,0.0369344430605735
test\20090404_033000_13066s9ms_Test790.aif,0.04150973299442202
test\20090404_033000_13076s8ms_Test791.aif,0.21364281303272867
test\20090404_033000_13103s7ms_Test792.aif,0.06673317777701282
test\20090404_033000_13121s3ms_Test793.aif,0.09363186344109865
test\20090404_033000_13132s9ms_Test794.aif,0.11154519654485134
test\20090404_033000_13154s8ms_Test795.aif,0.21130335195286984
test\20090404_033000_13184s5ms_Test796.aif,0.04606078932951641
test\20090404_033000_13189s8ms_Test797.aif,0.0585026996370254
test\20090404_033000_13203s8ms_Test798.aif,0.037906423593965975
test\20090404_033000_13207s6ms_Test799.aif,0.15759320240300442
test\20090404_033000_13212s9ms_Test800.aif,0.15363781486067782
test\20090404_033000_13215s8ms_Test801.aif,0.024531260524160835
test\20090404_033000_13217s9ms_Test802.aif,0.06563661242970467
test\20090404_033000_13228s8ms_Test803.aif,0.26162263767046534
test\20090404_033000_13254s7ms_Test804.aif,0.07904414066696505
test\20090404_033000_13263s4ms_Test805.aif,0.11464974169103166
test\20090404_033000_13266s2ms_Test806.aif,0.028305305922098085
test\20090404_033000_13271s0ms_Test807.aif,0.03246687486741932
test\20090404_033000_13275s8ms_Test808.aif,0.08894164128428488
test\20090404_033000_13297s2ms_Test809.aif,0.044229724027034435
test\20090404_033000_13311s9ms_Test810.aif,0.18198647811881621
test\20090404_033000_13313s3ms_Test811.aif,0.06941286885844229
test\20090404_033000_13319s1ms_Test812.aif,0.04280754269500505
test\20090404_033000_13330s2ms_Test813.aif,0.06616773215185731
test\20090404_033000_13344s7ms_Test814.aif,0.10511637540416979
test\20090404_033000_13357s1ms_Test815.aif,0.1361205257898877
test\20090404_033000_13363s2ms_Test816.aif,0.14583202246057347
test\20090404_033000_13377s0ms_Test817.aif,0.13277876396276236
test\20090404_033000_13391s7ms_Test818.aif,0.03619893169979979
test\20090404_033000_13393s7ms_Test819.aif,0.06424371058657583
test\20090404_033000_13397s3ms_Test820.aif,0.0375581373024225
test\20090404_033000_13412s1ms_Test821.aif,0.09537822024373126
test\20090404_033000_13418s4ms_Test822.aif,0.07593469167215154
test\20090404_033000_13426s3ms_Test823.aif,0.06778898847928787
test\20090404_033000_13431s7ms_Test824.aif,0.060476969317077696
test\20090404_033000_13439s8ms_Test825.aif,0.01725268047835968
test\20090404_033000_13440s2ms_Test826.aif,0.10288554751054786
test\20090404_033000_13450s4ms_Test827.aif,0.036280323555295604
test\20090404_033000_13454s7ms_Test828.aif,0.06153270084375941
test\20090404_033000_13457s0ms_Test829.aif,0.18799687945112123
test\20090404_033000_13468s3ms_Test830.aif,0.05554734166531342
test\20090404_033000_13472s0ms_Test831.aif,0.03616935357572136
test\20090404_033000_13480s2ms_Test832.aif,0.14826218691335682
test\20090404_033000_13482s3ms_Test833.aif,0.14730866290291675
test\20090404_033000_13491s0ms_Test834.aif,0.08059039050171783
test\20090404_034500_13505s9ms_Test835.aif,0.13620899329382485
test\20090404_034500_13509s9ms_Test836.aif,0.2055602206527879
test\20090404_034500_13516s9ms_Test837.aif,0.28418680087996495
test\20090404_034500_13518s1ms_Test838.aif,0.09034570846149988
test\20090404_034500_13522s9ms_Test839.aif,0.06790677268854994
test\20090404_034500_13526s1ms_Test840.aif,0.041374803894521445
test\20090404_034500_13531s0ms_Test841.aif,0.1298787102979546
test\20090404_034500_13534s5ms_Test842.aif,0.046808197284036936
test\20090404_034500_13548s4ms_Test843.aif,0.047697599556122273
test\20090404_034500_13550s3ms_Test844.aif,0.06790684744463005
test\20090404_034500_13551s8ms_Test845.aif,0.1252286655921239
test\20090404_034500_13553s6ms_Test846.aif,0.07783770534364083
test\20090404_034500_13561s4ms_Test847.aif,0.10522796958934898
test\20090404_034500_13574s2ms_Test848.aif,0.2568211803427878
test\20090404_034500_13577s1ms_Test849.aif,0.1151985636805254
test\20090404_034500_13587s9ms_Test850.aif,0.060829731921150786
test\20090404_034500_13596s7ms_Test851.aif,0.19346937967395675
test\20090404_034500_13612s7ms_Test852.aif,0.0875914855315551
test\20090404_034500_13619s2ms_Test853.aif,0.06876507395070222
test\20090404_034500_13621s1ms_Test854.aif,0.09723114128353454
test\20090404_034500_13651s6ms_Test855.aif,0.07382306157899575
test\20090404_034500_13654s6ms_Test856.aif,0.14447949025393614
test\20090404_034500_13656s8ms_Test857.aif,0.05775147710908691
test\20090404_034500_13658s0ms_Test858.aif,0.05996776197798764
test\20090404_034500_13675s5ms_Test859.aif,0.08947798917672334
test\20090404_034500_13693s8ms_Test860.aif,0.08950311695060154
test\20090404_034500_13697s2ms_Test861.aif,0.05977467572862319
test\20090404_034500_13708s1ms_Test862.aif,0.028205318300453672
test\20090404_034500_13747s5ms_Test863.aif,0.1104483692322642
test\20090404_034500_13752s8ms_Test864.aif,0.07153331464043365
test\20090404_034500_13753s9ms_Test865.aif,0.019855355900008777
test\20090404_034500_13760s7ms_Test866.aif,0.04186551422058254
test\20090404_034500_13766s1ms_Test867.aif,0.04174805241292457
test\20090404_034500_13774s9ms_Test868.aif,0.07109745948512788
test\20090404_034500_13778s2ms_Test869.aif,0.07655086952017749
test\20090404_034500_13791s1ms_Test870.aif,0.03209180497897425
test\20090404_034500_13792s6ms_Test871.aif,0.11771173073510068
test\20090404_034500_13797s9ms_Test872.aif,0.047071694887403585
test\20090404_034500_13804s5ms_Test873.aif,0.1400289031950489
test\20090404_034500_13808s8ms_Test874.aif,0.10787564122003858
test\20090404_034500_13822s2ms_Test875.aif,0.052770084756761766
test\20090404_034500_13834s9ms_Test876.aif,0.16271548186980947
test\20090404_034500_13843s6ms_Test877.aif,0.1366838618811336
test\20090404_034500_13845s7ms_Test878.aif,0.05915595318168412
test\20090404_034500_13857s0ms_Test879.aif,0.11983935583334752
test\20090404_034500_13921s7ms_Test880.aif,0.10873760739844901
test\20090404_034500_13926s8ms_Test881.aif,0.08570636675457344
test\20090404_034500_13937s1ms_Test882.aif,0.09275769051377207
test\20090404_034500_13952s4ms_Test883.aif,0.3799017727382603
test\20090404_034500_13955s6ms_Test884.aif,0.10391922883432093
test\20090404_034500_13964s5ms_Test885.aif,0.07166128025735718
test\20090404_034500_13988s2ms_Test886.aif,0.03459004365075216
test\20090404_034500_13996s2ms_Test887.aif,0.08953791338740273
test\20090404_034500_14003s0ms_Test888.aif,0.2119134458308559
test\20090404_034500_14009s2ms_Test889.aif,0.040774577014319115
test\20090404_034500_14022s5ms_Test890.aif,0.07087007871449491
test\20090404_034500_14035s2ms_Test891.aif,0.08287969584813897
test\20090404_034500_14039s3ms_Test892.aif,0.07474797081451211
test\20090404_034500_14043s2ms_Test893.aif,0.06809497067058856
test\20090404_034500_14046s7ms_Test894.aif,0.12298588789615976
test\20090404_034500_14059s8ms_Test895.aif,0.055904904973207124
test\20090404_034500_14070s2ms_Test896.aif,0.10738343446998681
test\20090404_034500_14073s4ms_Test897.aif,0.1893093893426191
test\20090404_034500_14098s7ms_Test898.aif,0.052857526277798
test\20090404_034500_14107s1ms_Test899.aif,0.086785040508283
test\20090404_034500_14109s2ms_Test900.aif,0.09657181747897871
test\20090404_034500_14115s0ms_Test901.aif,0.04554262436939204
test\20090404_034500_14126s6ms_Test902.aif,0.06174780850277192
test\20090404_034500_14140s3ms_Test903.aif,0.0632691282689585
test\20090404_034500_14152s6ms_Test904.aif,0.05407181527728765
test\20090404_034500_14156s9ms_Test905.aif,0.05164942931037014
test\20090404_034500_14172s4ms_Test906.aif,0.14018921117059532
test\20090404_034500_14180s1ms_Test907.aif,0.24196466163937305
test\20090404_034500_14189s3ms_Test908.aif,0.0807582940103711
test\20090404_034500_14199s1ms_Test909.aif,0.07122883183156739
test\20090404_034500_14212s4ms_Test910.aif,0.2475873339636988
test\20090404_034500_14250s4ms_Test911.aif,0.06588422508083887
test\20090404_034500_14253s1ms_Test912.aif,0.15017056834198977
test\20090404_034500_14283s9ms_Test913.aif,0.17801258757606217
test\20090404_034500_14305s4ms_Test914.aif,0.04746181427555971
test\20090404_034500_14330s3ms_Test915.aif,0.15739898250705087
test\20090404_034500_14340s2ms_Test916.aif,0.11971572450553686
test\20090404_034500_14342s6ms_Test917.aif,0.14552019524444867
test\20090404_034500_14353s6ms_Test918.aif,0.10363289979965234
test\20090404_034500_14358s8ms_Test919.aif,0.15063779239321462
test\20090404_034500_14365s6ms_Test920.aif,0.08737371033414086
test\20090404_034500_14375s5ms_Test921.aif,0.06456966974079845
test\20090404_040000_14403s0ms_Test922.aif,0.25740410680698605
test\20090404_040000_14454s6ms_Test923.aif,0.1404943104031912
test\20090404_040000_14472s1ms_Test924.aif,0.07212450787636575
test\20090404_040000_14497s5ms_Test925.aif,0.07266346051590022
test\20090404_040000_14520s4ms_Test926.aif,0.09365919590983433
test\20090404_040000_14524s9ms_Test927.aif,0.06474464187102905
test\20090404_040000_14533s7ms_Test928.aif,0.07097687191293392
test\20090404_040000_14541s4ms_Test929.aif,0.08812538363358702
test\20090404_040000_14568s4ms_Test930.aif,0.08594948291249475
test\20090404_040000_14578s3ms_Test931.aif,0.20743225807622467
test\20090404_040000_14608s4ms_Test932.aif,0.11000415384842897
test\20090404_040000_14635s7ms_Test933.aif,0.05803661428450283
test\20090404_040000_14643s1ms_Test934.aif,0.08673774906330778
test\20090404_040000_14655s4ms_Test935.aif,0.10492085730198476
test\20090404_040000_14693s5ms_Test936.aif,0.12832588068892006
test\20090404_040000_14695s5ms_Test937.aif,0.06680483804244201
test\20090404_040000_14734s1ms_Test938.aif,0.06505725375397722
test\20090404_040000_14808s9ms_Test939.aif,0.11428604594912999
test\20090404_040000_14832s1ms_Test940.aif,0.08557486676632109
test\20090404_040000_14833s8ms_Test941.aif,0.1680554069303076
test\20090404_040000_14839s0ms_Test942.aif,0.10091072234124528
test\20090404_040000_14861s7ms_Test943.aif,0.08834246953338225
test\20090404_040000_14873s8ms_Test944.aif,0.08039089941644573
test\20090404_040000_14875s8ms_Test945.aif,0.09168652760827016
test\20090404_040000_14881s7ms_Test946.aif,0.09520846320133736
test\20090404_040000_14989s0ms_Test947.aif,0.08263988447162661
test\20090404_040000_14996s9ms_Test948.aif,0.1413831553881454
test\20090404_040000_14997s9ms_Test949.aif,0.1488253801398517
test\20090404_040000_15034s9ms_Test950.aif,0.09431433337079216
test\20090404_040000_15041s6ms_Test951.aif,0.0924890052481519
test\20090404_040000_15054s1ms_Test952.aif,0.09407442393253472
test\20090404_040000_15061s6ms_Test953.aif,0.11474924488037581
test\20090404_040000_15075s3ms_Test954.aif,0.08227368237439461
test\20090404_040000_15100s3ms_Test955.aif,0.15686389466584003
test\20090404_040000_15151s1ms_Test956.aif,0.04433564356828492
test\20090404_040000_15158s0ms_Test957.aif,0.10038784952686508
test\20090404_040000_15169s4ms_Test958.aif,0.03489165065684571
test\20090404_040000_15207s2ms_Test959.aif,0.07319300634949283
test\20090404_040000_15241s3ms_Test960.aif,0.07059982684430954
test\20090404_040000_15244s7ms_Test961.aif,0.08483190806389178
test\20090404_040000_15293s2ms_Test962.aif,0.2019912595410428
test\20090404_041500_15406s4ms_Test963.aif,0.04107214474729592
test\20090404_041500_15414s5ms_Test964.aif,0.11852123049652157
test\20090404_041500_15500s3ms_Test965.aif,0.08321459043423692
test\20090404_041500_15508s7ms_Test966.aif,0.0663742458212546
test\20090404_041500_15512s9ms_Test967.aif,0.045242414917888905
test\20090404_041500_15517s3ms_Test968.aif,0.15999210534621763
test\20090404_041500_15592s7ms_Test969.aif,0.08189397137720134
test\20090404_041500_15594s7ms_Test970.aif,0.08311194951971485
test\20090404_041500_15601s7ms_Test971.aif,0.0410919418708703
test\20090404_041500_15639s4ms_Test972.aif,0.16709595805118524
test\20090404_041500_15651s3ms_Test973.aif,0.0701653429879041
test\20090404_041500_15705s1ms_Test974.aif,0.05802429716471378
test\20090404_041500_15740s1ms_Test975.aif,0.07256352871897558
test\20090404_041500_15774s9ms_Test976.aif,0.06699255786515063
test\20090404_041500_15790s7ms_Test977.aif,0.10981134640519445
test\20090404_041500_15812s1ms_Test978.aif,0.08140507742177319
test\20090404_041500_15815s6ms_Test979.aif,0.051196429218864976
test\20090404_041500_15819s8ms_Test980.aif,0.1190813918818361
test\20090404_041500_15827s3ms_Test981.aif,0.11604013835626102
test\20090404_041500_15860s3ms_Test982.aif,0.08460608291235742
test\20090404_041500_15881s0ms_Test983.aif,0.03696638305128833
test\20090404_041500_15883s9ms_Test984.aif,0.10976773526204747
test\20090404_041500_15887s4ms_Test985.aif,0.11600317171269205
test\20090404_041500_15945s0ms_Test986.aif,0.07260686512999469
test\20090404_041500_15955s2ms_Test987.aif,0.07382203402630519
test\20090404_041500_16010s3ms_Test988.aif,0.0810237584713309
test\20090404_041500_16015s9ms_Test989.aif,0.04772809246080781
test\20090404_041500_16018s2ms_Test990.aif,0.046590508194507683
test\20090404_041500_16042s9ms_Test991.aif,0.08281867278892269
test\20090404_041500_16060s8ms_Test992.aif,0.07812676330287069
test\20090404_041500_16066s8ms_Test993.aif,0.10887985866200771
test\20090404_041500_16073s2ms_Test994.aif,0.11137501215474797
test\20090404_041500_16082s0ms_Test995.aif,0.07562567890664165
test\20090404_041500_16135s4ms_Test996.aif,0.06825425663724677
test\20090404_041500_16145s1ms_Test997.aif,0.058655899377413424
test\20090404_041500_16165s4ms_Test998.aif,0.13883269002651202
test\20090404_043000_16230s3ms_Test999.aif,0.06386688788127451
test\20090404_043000_16304s7ms_Test1000.aif,0.07130497841485489
test\20090404_043000_16315s4ms_Test1001.aif,0.047945708307743605
test\20090404_043000_16317s8ms_Test1002.aif,0.07135228035892538
test\20090404_043000_16370s8ms_Test1003.aif,0.056792439755206287
test\20090404_043000_16440s5ms_Test1004.aif,0.1357622730580928
test\20090404_043000_16456s2ms_Test1005.aif,0.06021671542164101
test\20090404_043000_16468s4ms_Test1006.aif,0.12683497593206253
test\20090404_043000_16482s0ms_Test1007.aif,0.0445522121531716
test\20090404_043000_16495s8ms_Test1008.aif,0.17287106718444625
test\20090404_043000_16502s9ms_Test1009.aif,0.14735144389134394
test\20090404_043000_16516s6ms_Test1010.aif,0.0621705158524783
test\20090404_043000_16589s0ms_Test1011.aif,0.1291484514389345
test\20090404_043000_16618s4ms_Test1012.aif,0.05083457175529891
test\20090404_043000_16639s7ms_Test1013.aif,0.11582052824532463
test\20090404_043000_16650s6ms_Test1014.aif,0.1544883028538506
test\20090404_043000_16661s6ms_Test1015.aif,0.1128199234068137
test\20090404_043000_16675s9ms_Test1016.aif,0.05475298322367816
test\20090404_043000_16683s1ms_Test1017.aif,0.10168166278395707
test\20090404_043000_16705s7ms_Test1018.aif,0.09729432416556323
test\20090404_043000_16733s1ms_Test1019.aif,0.24507458130848422
test\20090404_043000_16743s0ms_Test1020.aif,0.08729821665782848
test\20090404_043000_16749s6ms_Test1021.aif,0.08201622967499474
test\20090404_043000_16751s9ms_Test1022.aif,0.06614382049223994
test\20090404_043000_16797s0ms_Test1023.aif,0.11512956996105972
test\20090404_043000_16801s1ms_Test1024.aif,0.11088066520347865
test\20090404_043000_16809s0ms_Test1025.aif,0.043269155803190434
test\20090404_043000_16824s2ms_Test1026.aif,0.06321230468052594
test\20090404_043000_16835s4ms_Test1027.aif,0.1574970966050637
test\20090404_043000_16856s6ms_Test1028.aif,0.04973232590793262
test\20090404_043000_16862s9ms_Test1029.aif,0.22493590965984223
test\20090404_043000_16890s9ms_Test1030.aif,0.1223772385399761
test\20090404_043000_16933s9ms_Test1031.aif,0.04130714506852905
test\20090404_043000_16941s7ms_Test1032.aif,0.04120714687543817
test\20090404_043000_16952s4ms_Test1033.aif,0.04348697642964491
test\20090404_043000_16957s6ms_Test1034.aif,0.10534963121949008
test\20090404_043000_16960s5ms_Test1035.aif,0.05596321018514818
test\20090404_043000_17007s1ms_Test1036.aif,0.0985183985164233
test\20090404_043000_17036s0ms_Test1037.aif,0.08954278347353463
test\20090404_043000_17071s5ms_Test1038.aif,0.09982079398284123
test\20090404_044500_17177s4ms_Test1039.aif,0.09504998279413912
test\20090404_044500_17179s0ms_Test1040.aif,0.07574417224721774
test\20090404_044500_17188s6ms_Test1041.aif,0.10814341634325703
test\20090404_044500_17216s7ms_Test1042.aif,0.16897381114655294
test\20090404_044500_17230s7ms_Test1043.aif,0.24906861521884052
test\20090404_044500_17257s0ms_Test1044.aif,0.27394746070826936
test\20090404_044500_17291s8ms_Test1045.aif,0.08597832132382759
test\20090404_044500_17306s0ms_Test1046.aif,0.07945204135355173
test\20090404_044500_17318s7ms_Test1047.aif,0.05184407546268813
test\20090404_044500_17351s5ms_Test1048.aif,0.08512161580121581
test\20090404_044500_17373s7ms_Test1049.aif,0.08901454856213305
test\20090404_044500_17393s1ms_Test1050.aif,0.0626233425194511
test\20090404_044500_17396s8ms_Test1051.aif,0.11484291321192523
test\20090404_044500_17478s5ms_Test1052.aif,0.0807567707736877
test\20090404_044500_17497s2ms_Test1053.aif,0.07051173321170252
test\20090404_044500_17502s6ms_Test1054.aif,0.06918878380718499
test\20090404_044500_17509s2ms_Test1055.aif,0.11243556396917816
test\20090404_044500_17514s8ms_Test1056.aif,0.053055956099036496
test\20090404_044500_17577s2ms_Test1057.aif,0.10807717972619905
test\20090404_044500_17578s6ms_Test1058.aif,0.07830653270969926
test\20090404_044500_17602s8ms_Test1059.aif,0.15209153475664622
test\20090404_044500_17620s9ms_Test1060.aif,0.06923214297671536
test\20090404_044500_17669s5ms_Test1061.aif,0.047747852852430404
test\20090404_044500_17681s3ms_Test1062.aif,0.09216256328533291
test\20090404_044500_17757s3ms_Test1063.aif,0.134588605574504
test\20090404_044500_17827s9ms_Test1064.aif,0.07233347148163044
test\20090404_044500_17842s4ms_Test1065.aif,0.19452743230816175
test\20090404_044500_17853s0ms_Test1066.aif,0.09269259940663416
test\20090404_044500_17873s3ms_Test1067.aif,0.06549365287823425
test\20090404_044500_17881s1ms_Test1068.aif,0.058056487531002
test\20090404_044500_17937s7ms_Test1069.aif,0.04176331252488166
test\20090404_044500_17955s1ms_Test1070.aif,0.1610279318279135
test\20090404_044500_17959s9ms_Test1071.aif,0.10968224256572993
test\20090404_044500_17974s9ms_Test1072.aif,0.047563120921961806
test\20090404_044500_17981s8ms_Test1073.aif,0.0670448475949963
test\20090404_044500_17983s0ms_Test1074.aif,0.05039202363459458
test\20090404_050000_18004s9ms_Test1075.aif,0.10527215740938084
test\20090404_050000_18023s3ms_Test1076.aif,0.06359014616182894
test\20090404_050000_18078s3ms_Test1077.aif,0.10599218678848693
test\20090404_050000_18105s0ms_Test1078.aif,0.05502653651625252
test\20090404_050000_18114s6ms_Test1079.aif,0.1458924235765453
test\20090404_050000_18117s9ms_Test1080.aif,0.07119475063982061
test\20090404_050000_18147s1ms_Test1081.aif,0.06273799932503651
test\20090404_050000_18152s1ms_Test1082.aif,0.15995435885968332
test\20090404_050000_18174s8ms_Test1083.aif,0.11227577388710237
test\20090404_050000_18182s2ms_Test1084.aif,0.14246667348593783
test\20090404_050000_18206s3ms_Test1085.aif,0.13877421897240336
test\20090404_050000_18215s4ms_Test1086.aif,0.06282494009729986
test\20090404_050000_18232s5ms_Test1087.aif,0.062127582024226115
test\20090404_050000_18272s5ms_Test1088.aif,0.0639403502412846
test\20090404_050000_18281s8ms_Test1089.aif,0.04922390872767726
test\20090404_050000_18293s7ms_Test1090.aif,0.07479940033360007
test\20090404_050000_18297s8ms_Test1091.aif,0.10540178510277227
test\20090404_050000_18314s7ms_Test1092.aif,0.07220449284640763
test\20090404_050000_18330s4ms_Test1093.aif,0.05677798659192811
test\20090404_050000_18341s1ms_Test1094.aif,0.11730545578573402
test\20090404_050000_18350s1ms_Test1095.aif,0.07707499450338476
test\20090404_050000_18371s1ms_Test1096.aif,0.07397696119373806
test\20090404_050000_18377s9ms_Test1097.aif,0.1878013319484159
test\20090404_050000_18380s8ms_Test1098.aif,0.07031546269071602
test\20090404_050000_18386s0ms_Test1099.aif,0.1499227561966989
test\20090404_050000_18398s6ms_Test1100.aif,0.06882755855402632
test\20090404_050000_18401s1ms_Test1101.aif,0.14739545932288112
test\20090404_050000_18428s7ms_Test1102.aif,0.10514638382520586
test\20090404_050000_18439s6ms_Test1103.aif,0.07966626882815055
test\20090404_050000_18478s3ms_Test1104.aif,0.07926564132682076
test\20090404_050000_18480s6ms_Test1105.aif,0.16784448768773483
test\20090404_050000_18505s7ms_Test1106.aif,0.22064168154536565
test\20090404_050000_18525s5ms_Test1107.aif,0.08009703885472212
test\20090404_050000_18538s3ms_Test1108.aif,0.08542533612569277
test\20090404_050000_18574s1ms_Test1109.aif,0.060569359300418284
test\20090404_050000_18578s5ms_Test1110.aif,0.10044684702921884
test\20090404_050000_18594s0ms_Test1111.aif,0.06290232788670906
test\20090404_050000_18648s1ms_Test1112.aif,0.12868236053939353
test\20090404_050000_18658s6ms_Test1113.aif,0.07654883716467777
test\20090404_050000_18666s0ms_Test1114.aif,0.0716183623610979
test\20090404_050000_18711s6ms_Test1115.aif,0.0732691852674846
test\20090404_050000_18723s2ms_Test1116.aif,0.12247295705448034
test\20090404_050000_18731s7ms_Test1117.aif,0.06082769374261305
test\20090404_050000_18759s2ms_Test1118.aif,0.045602935115347444
test\20090404_050000_18768s9ms_Test1119.aif,0.0688766024710021
test\20090404_050000_18784s6ms_Test1120.aif,0.07985662909397725
test\20090404_050000_18822s7ms_Test1121.aif,0.15075977480201108
test\20090404_050000_18829s1ms_Test1122.aif,0.0902574230571012
test\20090404_050000_18838s9ms_Test1123.aif,0.1063252522152321
test\20090404_050000_18846s1ms_Test1124.aif,0.12184952629559194
test\20090404_051500_18907s6ms_Test1125.aif,0.06258513654657318
test\20090404_051500_18914s4ms_Test1126.aif,0.058506409135967496
test\20090404_051500_18960s1ms_Test1127.aif,0.15822535612714164
test\20090404_051500_18972s1ms_Test1128.aif,0.080362187444333
test\20090404_051500_18986s5ms_Test1129.aif,0.07892564738659877
test\20090404_051500_19019s1ms_Test1130.aif,0.11550518044933551
test\20090404_051500_19021s1ms_Test1131.aif,0.06004201802989528
test\20090404_051500_19025s3ms_Test1132.aif,0.054930782932338516
test\20090404_051500_19027s7ms_Test1133.aif,0.11132805623351212
test\20090404_051500_19035s4ms_Test1134.aif,0.07737719389906333
test\20090404_051500_19041s1ms_Test1135.aif,0.030158171771051474
test\20090404_051500_19074s2ms_Test1136.aif,0.08963406449856244
test\20090404_051500_19083s2ms_Test1137.aif,0.09244879141321843
test\20090404_051500_19109s0ms_Test1138.aif,0.31479880386794934
test\20090404_051500_19110s4ms_Test1139.aif,0.05552068572449489
test\20090404_051500_19116s9ms_Test1140.aif,0.08120013881549963
test\20090404_051500_19121s9ms_Test1141.aif,0.0482861575895783
test\20090404_051500_19126s4ms_Test1142.aif,0.041936399622931025
test\20090404_051500_19130s6ms_Test1143.aif,0.05029328047588926
test\20090404_051500_19136s0ms_Test1144.aif,0.098775296003824
test\20090404_051500_19161s2ms_Test1145.aif,0.10585594091996668
test\20090404_051500_19165s7ms_Test1146.aif,0.08857750814622216
test\20090404_051500_19191s8ms_Test1147.aif,0.13039612020104902
test\20090404_051500_19199s0ms_Test1148.aif,0.08456642402398978
test\20090404_051500_19226s5ms_Test1149.aif,0.05375176991672389
test\20090404_051500_19231s7ms_Test1150.aif,0.04051575050593532
test\20090404_051500_19237s7ms_Test1151.aif,0.06010793612826873
test\20090404_051500_19239s9ms_Test1152.aif,0.12204899682170388
test\20090404_051500_19242s6ms_Test1153.aif,0.11673945924128327
test\20090404_051500_19244s9ms_Test1154.aif,0.08860087798962542
test\20090404_051500_19253s1ms_Test1155.aif,0.08331238348234407
test\20090404_051500_19253s8ms_Test1156.aif,0.014721676549488772
test\20090404_051500_19266s4ms_Test1157.aif,0.025987344977270527
test\20090404_051500_19275s6ms_Test1158.aif,0.11659004439738592
test\20090404_051500_19277s5ms_Test1159.aif,0.10655936389139177
test\20090404_051500_19283s3ms_Test1160.aif,0.14018185826266402
test\20090404_051500_19289s1ms_Test1161.aif,0.03878209987559938
test\20090404_051500_19295s2ms_Test1162.aif,0.0663646686656323
test\20090404_051500_19298s4ms_Test1163.aif,0.033819139255305594
test\20090404_051500_19302s7ms_Test1164.aif,0.10096518005824699
test\20090404_051500_19307s5ms_Test1165.aif,0.03646040413095833
test\20090404_051500_19314s5ms_Test1166.aif,0.08409607914571364
test\20090404_051500_19317s1ms_Test1167.aif,0.04242035295015941
test\20090404_051500_19335s3ms_Test1168.aif,0.015926360557097573
test\20090404_051500_19352s9ms_Test1169.aif,0.07070430229168509
test\20090404_051500_19360s6ms_Test1170.aif,0.08368368954440182
test\20090404_051500_19379s8ms_Test1171.aif,0.051422525605292625
test\20090404_051500_19382s1ms_Test1172.aif,0.028217439501276823
test\20090404_051500_19400s0ms_Test1173.aif,0.02906853052589692
test\20090404_051500_19404s4ms_Test1174.aif,0.0410256060860498
test\20090404_051500_19414s2ms_Test1175.aif,0.06939576263216131
test\20090404_051500_19416s9ms_Test1176.aif,0.1754955547354665
test\20090404_051500_19420s4ms_Test1177.aif,0.2011648339361766
test\20090404_051500_19422s2ms_Test1178.aif,0.05251044594499062
test\20090404_051500_19427s0ms_Test1179.aif,0.3601003205536961
test\20090404_051500_19432s2ms_Test1180.aif,0.022116067542523293
test\20090404_051500_19435s8ms_Test1181.aif,0.042181860788801234
test\20090404_051500_19441s8ms_Test1182.aif,0.03947976583821638
test\20090404_051500_19443s5ms_Test1183.aif,0.028532165198266738
test\20090404_051500_19447s2ms_Test1184.aif,0.11050380125825382
test\20090404_051500_19457s4ms_Test1185.aif,0.1116498367210102
test\20090404_051500_19464s8ms_Test1186.aif,0.026920783937905392
test\20090404_051500_19473s4ms_Test1187.aif,0.09975179984231602
test\20090404_051500_19478s7ms_Test1188.aif,0.04565757227274897
test\20090404_051500_19481s2ms_Test1189.aif,0.049833933912957616
test\20090404_051500_19494s7ms_Test1190.aif,0.0522762466025198
test\20090404_051500_19513s6ms_Test1191.aif,0.06629002493813756
test\20090404_051500_19523s0ms_Test1192.aif,0.06392897794463248
test\20090404_051500_19531s3ms_Test1193.aif,0.09189902021370298
test\20090404_051500_19540s7ms_Test1194.aif,0.05795217991605841
test\20090404_051500_19547s2ms_Test1195.aif,0.03359146218912009
test\20090404_051500_19554s9ms_Test1196.aif,0.20052978130682106
test\20090404_051500_19559s8ms_Test1197.aif,0.06918108293983724
test\20090404_051500_19573s2ms_Test1198.aif,0.028968292974446957
test\20090404_051500_19574s0ms_Test1199.aif,0.05108391635425417
test\20090404_051500_19575s9ms_Test1200.aif,0.14463943204521362
test\20090404_051500_19580s1ms_Test1201.aif,0.12334227408499228
test\20090404_051500_19598s5ms_Test1202.aif,0.0455627896776891
test\20090404_051500_19604s0ms_Test1203.aif,0.09959464645538361
test\20090404_051500_19610s1ms_Test1204.aif,0.0383110244034537
test\20090404_051500_19614s8ms_Test1205.aif,0.04025821977765069
test\20090404_051500_19621s5ms_Test1206.aif,0.09184191383487471
test\20090404_051500_19649s1ms_Test1207.aif,0.09482808821439888
test\20090404_051500_19658s4ms_Test1208.aif,0.031436128142659864
test\20090404_051500_19676s7ms_Test1209.aif,0.07874506945063185
test\20090404_051500_19677s4ms_Test1210.aif,0.026555784804216737
test\20090404_051500_19689s4ms_Test1211.aif,0.06939016178293472
test\20090404_051500_19696s7ms_Test1212.aif,0.01939229908210701
test\20090404_051500_19701s8ms_Test1213.aif,0.0331018600954112
test\20090404_051500_19709s5ms_Test1214.aif,0.06222053744032429
test\20090404_051500_19728s1ms_Test1215.aif,0.07496936385389576
test\20090404_051500_19733s2ms_Test1216.aif,0.07744700951171718
test\20090404_051500_19739s9ms_Test1217.aif,0.04594821046104496
test\20090404_051500_19784s8ms_Test1218.aif,0.1129547193499253
test\20090404_051500_19792s2ms_Test1219.aif,0.07461616879565722
test\20090404_053000_19810s1ms_Test1220.aif,0.11958886217494741
test\20090404_053000_19824s3ms_Test1221.aif,0.052441843291746504
test\20090404_053000_19825s6ms_Test1222.aif,0.02908335200386355
test\20090404_053000_19830s6ms_Test1223.aif,0.04535427467142386
test\20090404_053000_19832s5ms_Test1224.aif,0.055153708432788294
test\20090404_053000_19874s9ms_Test1225.aif,0.04799954291548194
test\20090404_053000_19880s6ms_Test1226.aif,0.02574306480134399
test\20090404_053000_19890s1ms_Test1227.aif,0.10966576739394347
test\20090404_053000_19894s3ms_Test1228.aif,0.11972499759928844
test\20090404_053000_19902s7ms_Test1229.aif,0.05669997386048256
test\20090404_053000_19907s6ms_Test1230.aif,0.0760891034174426
test\20090404_053000_19910s0ms_Test1231.aif,0.04758626440591906
test\20090404_053000_19920s2ms_Test1232.aif,0.028781503090179534
test\20090404_053000_19927s0ms_Test1233.aif,0.025056972914040087
test\20090404_053000_19929s7ms_Test1234.aif,0.04969955988259129
test\20090404_053000_19960s3ms_Test1235.aif,0.07284113065465701
test\20090404_053000_19970s0ms_Test1236.aif,0.09047886064686898
test\20090404_053000_19987s7ms_Test1237.aif,0.12811701891611366
test\20090404_053000_19989s2ms_Test1238.aif,0.03535976941570061
test\20090404_053000_19991s4ms_Test1239.aif,0.06337189336416456
test\20090404_053000_19997s5ms_Test1240.aif,0.05120094409447732
test\20090404_053000_20003s9ms_Test1241.aif,0.054768545899504424
test\20090404_053000_20008s0ms_Test1242.aif,0.07998575596330203
test\20090404_053000_20020s0ms_Test1243.aif,0.04827421478224064
test\20090404_053000_20028s3ms_Test1244.aif,0.0251771875681361
test\20090404_053000_20031s4ms_Test1245.aif,0.06663769666067877
test\20090404_053000_20032s7ms_Test1246.aif,0.049057522043728714
test\20090404_053000_20037s8ms_Test1247.aif,0.0210947313695632
test\20090404_053000_20041s9ms_Test1248.aif,0.06502008504267329
test\20090404_053000_20044s2ms_Test1249.aif,0.029133322147028167
test\20090404_053000_20052s7ms_Test1250.aif,0.08009874539898747
test\20090404_053000_20069s5ms_Test1251.aif,0.035857561365873286
test\20090404_053000_20076s8ms_Test1252.aif,0.06229450983025825
